city_slug,city_name,service_slug,meta_title,meta_description,intro
sydney,Sydney,local-seo,,,
sydney,Sydney,technical-seo,,,
sydney,Sydney,content-strategy,,,
sydney,Sydney,link-building,,,
sydney,Sydney,ecommerce-seo,,,
sydney,Sydney,analytics-reporting,,,
melbourne,Melbourne,local-seo,,,
melbourne,Melbourne,technical-seo,,,
melbourne,Melbourne,content-strategy,,,
melbourne,Melbourne,link-building,,,
melbourne,Melbourne,ecommerce-seo,,,
melbourne,Melbourne,analytics-reporting,,,
brisbane,Brisbane,local-seo,,,
brisbane,Brisbane,technical-seo,,,
brisbane,Brisbane,content-strategy,,,
brisbane,Brisbane,link-building,,,
brisbane,Brisbane,ecommerce-seo,,,
brisbane,Brisbane,analytics-reporting,,,
perth,Perth,local-seo,,,
perth,Perth,technical-seo,,,
perth,Perth,content-strategy,,,
perth,Perth,link-building,,,
perth,Perth,ecommerce-seo,,,
perth,Perth,analytics-reporting,,,
adelaide,Adelaide,local-seo,,,
adelaide,Adelaide,technical-seo,,,
adelaide,Adelaide,content-strategy,,,
adelaide,Adelaide,link-building,,,
adelaide,Adelaide,ecommerce-seo,,,
adelaide,Adelaide,analytics-reporting,,,
gold-coast,Gold Coast,local-seo,,,
gold-coast,Gold Coast,technical-seo,,,
gold-coast,Gold Coast,content-strategy,,,
gold-coast,Gold Coast,link-building,,,
gold-coast,Gold Coast,ecommerce-seo,,,
gold-coast,Gold Coast,analytics-reporting,,,
newcastle,Newcastle,local-seo,,,
newcastle,Newcastle,technical-seo,,,
newcastle,Newcastle,content-strategy,,,
newcastle,Newcastle,link-building,,,
newcastle,Newcastle,ecommerce-seo,,,
newcastle,Newcastle,analytics-reporting,,,
canberra,Canberra,local-seo,,,
canberra,Canberra,technical-seo,,,
canberra,Canberra,content-strategy,,,
canberra,Canberra,link-building,,,
canberra,Canberra,ecommerce-seo,,,
canberra,Canberra,analytics-reporting,,,
wollongong,Wollongong,local-seo,,,
wollongong,Wollongong,technical-seo,,,
wollongong,Wollongong,content-strategy,,,
wollongong,Wollongong,link-building,,,
wollongong,Wollongong,ecommerce-seo,,,
wollongong,Wollongong,analytics-reporting,,,
hobart,Hobart,local-seo,,,
hobart,Hobart,technical-seo,,,
hobart,Hobart,content-strategy,,,
hobart,Hobart,link-building,,,
hobart,Hobart,ecommerce-seo,,,
hobart,Hobart,analytics-reporting,,,
geelong,Geelong,local-seo,,,
geelong,Geelong,technical-seo,,,
geelong,Geelong,content-strategy,,,
geelong,Geelong,link-building,,,
geelong,Geelong,ecommerce-seo,,,
geelong,Geelong,analytics-reporting,,,
townsville,Townsville,local-seo,,,
townsville,Townsville,technical-seo,,,
townsville,Townsville,content-strategy,,,
townsville,Townsville,link-building,,,
townsville,Townsville,ecommerce-seo,,,
townsville,Townsville,analytics-reporting,,,
cairns,Cairns,local-seo,,,
cairns,Cairns,technical-seo,,,
cairns,Cairns,content-strategy,,,
cairns,Cairns,link-building,,,
cairns,Cairns,ecommerce-seo,,,
cairns,Cairns,analytics-reporting,,,
darwin,Darwin,local-seo,,,
darwin,Darwin,technical-seo,,,
darwin,Darwin,content-strategy,,,
darwin,Darwin,link-building,,,
darwin,Darwin,ecommerce-seo,,,
darwin,Darwin,analytics-reporting,,,
toowoomba,Toowoomba,local-seo,,,
toowoomba,Toowoomba,technical-seo,,,
toowoomba,Toowoomba,content-strategy,,,
toowoomba,Toowoomba,link-building,,,
toowoomba,Toowoomba,ecommerce-seo,,,
toowoomba,Toowoomba,analytics-reporting,,,
ballarat,Ballarat,local-seo,,,
ballarat,Ballarat,technical-seo,,,
ballarat,Ballarat,content-strategy,,,
ballarat,Ballarat,link-building,,,
ballarat,Ballarat,ecommerce-seo,,,
ballarat,Ballarat,analytics-reporting,,,
bendigo,Bendigo,local-seo,,,
bendigo,Bendigo,technical-seo,,,
bendigo,Bendigo,content-strategy,,,
bendigo,Bendigo,link-building,,,
bendigo,Bendigo,ecommerce-seo,,,
bendigo,Bendigo,analytics-reporting,,,
launceston,Launceston,local-seo,,,
launceston,Launceston,technical-seo,,,
launceston,Launceston,content-strategy,,,
launceston,Launceston,link-building,,,
launceston,Launceston,ecommerce-seo,,,
launceston,Launceston,analytics-reporting,,,
mackay,Mackay,local-seo,,,
mackay,Mackay,technical-seo,,,
mackay,Mackay,content-strategy,,,
mackay,Mackay,link-building,,,
mackay,Mackay,ecommerce-seo,,,
mackay,Mackay,analytics-reporting,,,
rockhampton,Rockhampton,local-seo,,,
rockhampton,Rockhampton,technical-seo,,,
rockhampton,Rockhampton,content-strategy,,,
rockhampton,Rockhampton,link-building,,,
rockhampton,Rockhampton,ecommerce-seo,,,
rockhampton,Rockhampton,analytics-reporting,,,
bunbury,Bunbury,local-seo,,,
bunbury,Bunbury,technical-seo,,,
bunbury,Bunbury,content-strategy,,,
bunbury,Bunbury,link-building,,,
bunbury,Bunbury,ecommerce-seo,,,
bunbury,Bunbury,analytics-reporting,,,
bundaberg,Bundaberg,local-seo,,,
bundaberg,Bundaberg,technical-seo,,,
bundaberg,Bundaberg,content-strategy,,,
bundaberg,Bundaberg,link-building,,,
bundaberg,Bundaberg,ecommerce-seo,,,
bundaberg,Bundaberg,analytics-reporting,,,
wagga-wagga,Wagga Wagga,local-seo,,,
wagga-wagga,Wagga Wagga,technical-seo,,,
wagga-wagga,Wagga Wagga,content-strategy,,,
wagga-wagga,Wagga Wagga,link-building,,,
wagga-wagga,Wagga Wagga,ecommerce-seo,,,
wagga-wagga,Wagga Wagga,analytics-reporting,,,
